{
	"info": {
		"_postman_id": "1741957b-9661-4230-a132-efde5c909c8f",
		"name": "sanctum_api",
		"schema": "https://schema.getpostman.com/json/collection/v2.1.0/collection.json",
		"_exporter_id": "19072171",
		"_collection_link": "https://witzcode.postman.co/workspace/tops~019dfbd0-9ca2-43da-854f-3da6608f55e1/collection/19072171-1741957b-9661-4230-a132-efde5c909c8f?action=share&source=collection_link&creator=19072171"
	},
	"item": [
		{
			"name": "posts",
			"item": [
				{
					"name": "ListAPI",
					"item": [
						{
							"name": "get_all_posts",
							"request": {
								"method": "GET",
								"header": [],
								"url": {
									"raw": "http://127.0.0.1:8000/api/posts",
									"protocol": "http",
									"host": [
										"127",
										"0",
										"0",
										"1"
									],
									"port": "8000",
									"path": [
										"api",
										"posts"
									]
								}
							},
							"response": []
						},
						{
							"name": "add_new_post",
							"request": {
								"method": "POST",
								"header": [
									{
										"key": "Accept",
										"value": "application/json"
									}
								],
								"body": {
									"mode": "raw",
									"raw": "{\r\n    \"title\":\"This is a title - 2\",\r\n    \"content\": \"This is a content - 2\"\r\n\r\n}",
									"options": {
										"raw": {
											"language": "json"
										}
									}
								},
								"url": {
									"raw": "http://127.0.0.1:8000/api/posts",
									"protocol": "http",
									"host": [
										"127",
										"0",
										"0",
										"1"
									],
									"port": "8000",
									"path": [
										"api",
										"posts"
									]
								}
							},
							"response": []
						},
						{
							"name": "query_para_filter",
							"request": {
								"method": "GET",
								"header": [],
								"url": {
									"raw": "http://127.0.0.1:8000/api/posts/search?query=vel",
									"protocol": "http",
									"host": [
										"127",
										"0",
										"0",
										"1"
									],
									"port": "8000",
									"path": [
										"api",
										"posts",
										"search"
									],
									"query": [
										{
											"key": "query",
											"value": "vel"
										}
									]
								}
							},
							"response": []
						}
					]
				},
				{
					"name": "DetailsAPI",
					"item": [
						{
							"name": "get_specific_post",
							"request": {
								"method": "GET",
								"header": [],
								"url": {
									"raw": "http://127.0.0.1:8000/api/post/31",
									"protocol": "http",
									"host": [
										"127",
										"0",
										"0",
										"1"
									],
									"port": "8000",
									"path": [
										"api",
										"post",
										"31"
									]
								}
							},
							"response": []
						},
						{
							"name": "edit_specifi_post",
							"request": {
								"method": "PUT",
								"header": [
									{
										"key": "Accept",
										"value": "application/json"
									}
								],
								"body": {
									"mode": "raw",
									"raw": "{\r\n    \"title\":\"This is a title 31\",\r\n    \"content\": \"This is a content 31\"\r\n}",
									"options": {
										"raw": {
											"language": "json"
										}
									}
								},
								"url": {
									"raw": "http://127.0.0.1:8000/api/post/31",
									"protocol": "http",
									"host": [
										"127",
										"0",
										"0",
										"1"
									],
									"port": "8000",
									"path": [
										"api",
										"post",
										"31"
									]
								}
							},
							"response": []
						},
						{
							"name": "delete_spcific_post",
							"request": {
								"method": "DELETE",
								"header": [],
								"url": {
									"raw": "http://127.0.0.1:8000/api/post/32",
									"protocol": "http",
									"host": [
										"127",
										"0",
										"0",
										"1"
									],
									"port": "8000",
									"path": [
										"api",
										"post",
										"32"
									]
								}
							},
							"response": []
						}
					]
				}
			]
		}
	]
}